{
    "platform": "855",
    "engine": "mace",
    "gpu": {
        "op": {
            "irb_3x3_se_hs_e6": {
                "latency": {
                    "7x96x7x96": 0.17,
                    "7x96x7x112": 0.194,
                    "7x112x7x112": 0.34,
                    "7x112x7x160": 0.342,

                    "14x32x14x64": 0.284,
                    "14x64x14x64": 0.484,
                    "14x64x14x96": 0.478,
                    "14x96x14x96": 0.697,
                    "14x96x14x112": 0.697,

                    "28x12x28x24": 0.389,
                    "28x24x28x24": 0.507,
                    "28x24x28x32": 0.389,
                    "28x32x28x32": 0.507,
                    "28x32x28x64": 0.533,

                    "56x8x56x12": 0.51,
                    "56x12x56x12": 0.8,
                    "56x12x56x24": 0.778,

                    "112x3x112x8": 1.384,
                    "112x8x112x8": 2.48,
                    "112x8x112x12": 2.04
                }
            },
            "irb_3x3_e6": {
                "latency": {
                    "7x96x7x96": 0.08,
                    "7x96x7x112": 0.098,
                    "7x112x7x112": 0.19,
                    "7x112x7x160": 0.19,
                    "7x160x7x160": 0.19,

                    "14x32x14x64": 0.098,
                    "14x64x14x64": 0.197,
                    "14x64x14x96": 0.198,
                    "14x96x14x96": 0.319,
                    "14x96x14x112": 0.392,

                    "28x12x28x24": 0.093,
                    "28x24x28x24": 0.141,
                    "28x24x28x32": 0.133,
                    "28x32x28x32": 0.185,
                    "28x32x28x64": 0.214,

                    "56x8x56x8": 0.512,
                    "56x8x56x12": 0.48,
                    "56x12x56x24": 0.664,

                    "112x3x112x8": 1.12,
                    "112x8x112x8": 2.048,
                    "112x8x112x12": 2.048
                }
            },
            "irb_3x3_hs_e6": {
                "latency": {
                    "7x96x7x96": 0.11475,
                    "7x96x7x112": 0.133,
                    "7x112x7x160": 0.24575,
                    "7x160x7x160": 0.24375,

                    "14x32x14x64": 0.178,
                    "14x64x14x64": 0.31,
                    "14x64x14x96": 0.306,
                    "14x96x14x96": 0.459,
                    "14x96x14x112": 0.532,

                    "28x12x28x24": 0.204,
                    "28x24x28x24": 0.281,
                    "28x24x28x32": 0.265,
                    "28x32x28x32": 0.367,
                    "28x32x28x64": 0.383,

                    "56x8x56x12": 0.704,
                    "56x12x56x12": 1.08,
                    "56x12x56x24": 1.016,

                    "112x3x112x8": 2.816,
                    "112x8x112x8": 4.32,
                    "112x8x112x12": 4.064
                }
            },
            "irb_3x3_se_e6": {
                "latency": {
                    "7x96x7x112": 0.158,
                    "7x112x7x112": 0.28825,
                    "7x112x7x160": 0.2875,
                    "7x160x7x160": 0.2875,

                    "14x32x14x64": 0.204,
                    "14x64x14x64": 0.366,
                    "14x64x14x96": 0.369,
                    "14x96x14x96": 0.563,
                    "14x96x14x112": 0.632,

                    "28x12x28x24": 0.189,
                    "28x24x28x24": 0.268,
                    "28x24x28x32": 0.258,
                    "28x32x28x32": 0.343,
                    "28x32x28x64": 0.373,

                    "56x8x56x12": 0.768,
                    "56x12x56x12": 1.168,
                    "56x12x56x24": 1.112,

                    "112x3x112x8": 3.072,
                    "112x8x112x8": 4.672,
                    "112x8x112x12": 4.448
                }
            },
            "irb_5x5_hs_se_e3": {
                "latency": {
                    "7x96x7x112": 0.1165,
                    "7x112x7x112": 0.19,
                    "7x112x7x160": 0.21525,
                    "7x160x7x160": 0.21525,

                    "14x32x14x64": 0.226,
                    "14x64x14x64": 0.323,
                    "14x64x14x96": 0.319,
                    "14x96x14x96": 0.43,
                    "14x96x14x112": 0.466,

                    "28x12x28x24": 0.232,
                    "28x24x28x24": 0.287,
                    "28x24x28x32": 0.28,
                    "28x32x28x32": 0.345,
                    "28x32x28x64": 0.355,

                    "56x8x56x12": 1.224,
                    "56x12x56x12": 1.52,
                    "56x12x56x24": 1.472,

                    "112x3x112x8": 4.896,
                    "112x8x112x8": 6.08,
                    "112x8x112x12": 5.888
                }
            },
            "irb_5x5_se_e3": {
                "latency": {
                    "7x96x7x112": 0.0915,
                    "7x112x7x112": 0.157,
                    "7x112x7x160": 0.18175,
                    "7x160x7x160": 0.18175,

                    "14x32x14x64": 0.146,
                    "14x64x14x64": 0.235,
                    "14x64x14x96": 0.227,
                    "14x96x14x96": 0.326,
                    "14x96x14x112": 0.366,

                    "28x12x28x24": 0.143,
                    "28x24x28x24": 0.192,
                    "28x24x28x32": 0.18,
                    "28x32x28x32": 0.235,
                    "28x32x28x64": 0.244,

                    "56x8x56x12": 0.736,
                    "56x12x56x12": 0.976,
                    "56x12x56x24": 0.952,

                    "112x3x112x8": 2.944,
                    "112x8x112x8": 3.904,
                    "112x8x112x12": 3.808
                }
            },
            "irb_5x5_hs_e3": {
                "latency": {
                    "7x96x7x112": 0.0915,
                    "7x112x7x112": 0.157,
                    "7x112x7x160": 0.18175,
                    "7x160x7x160": 0.18175,

                    "14x32x14x64": 0.146,
                    "14x64x14x64": 0.235,
                    "14x64x14x96": 0.227,
                    "14x96x14x96": 0.326,
                    "14x96x14x112": 0.366,

                    "28x12x28x24": 0.238,
                    "28x24x28x24": 0.278,
                    "28x24x28x32": 0.266,
                    "28x32x28x32": 0.306,
                    "28x32x28x64": 0.292,

                    "56x8x56x12": 0.736,
                    "56x12x56x12": 0.976,
                    "56x12x56x24": 0.952,

                    "112x3x112x8": 2.944,
                    "112x8x112x8": 3.904,
                    "112x8x112x12": 3.808
                }
            },
            "irb_5x5_e3": {
                "latency": {
                    "7x96x7x112": 0.05775,
                    "7x112x7x112": 0.108,
                    "7x112x7x160": 0.13225,
                    "7x160x7x160": 0.13225,

                    "14x32x14x64": 0.071,
                    "14x64x14x64": 0.132,
                    "14x64x14x96": 0.125,
                    "14x96x14x96": 0.194,
                    "14x96x14x112": 0.231,

                    "28x12x28x24": 0.074,
                    "28x24x28x24": 0.109,
                    "28x24x28x32": 0.102,
                    "28x32x28x32": 0.14,
                    "28x32x28x64": 0.15,
                    "28x64x28x64": 0.317,
                    "28x64x28x96": 0.337,
                    "28x96x28x96": 0.553,
                    "28x96x28x112": 0.634,

                    "56x8x56x12": 0.304,
                    "56x12x56x12": 0.464,
                    "56x12x56x24": 0.4,

                    "112x3x112x8": 1.216,
                    "112x8x112x8": 1.856,
                    "112x8x112x12": 1.6
                }
            },
            "irb_3x3_hs_se_e6": {
                "latency": {
                "7x96x7x112": 0.1165,
                "7x112x7x112": 0.19,
                "7x112x7x160": 0.21525,
                "7x160x7x160": 0.21525,